<?xml version="1.0" encoding="utf-8"?>
<VCC>
    <CODETYPE value="C#"/>
    <SCANNER>
        <READ value="program" token="program" color="#E1FFFF"/>
        <READ value=";" token="Char59" color="#E1FFFF"/>
        <READ value="class" token="class" color="#E1FFFF"/>
        <READ value="id" token="id" color="#E1FFFF"/>
        <READ value="\{" token="Char123" color="#E1FFFF"/>
        <READ value="\}" token="Char125" color="#E1FFFF"/>
        <READ value=":" token="Char58" color="#E1FFFF"/>
        <READ value="," token="Char44" color="#E1FFFF"/>
        <READ value="sr" token="sr" color="#E1FFFF"/>
        <READ value="\(" token="Char40" color="#E1FFFF"/>
        <READ value="\)" token="Char41" color="#E1FFFF"/>
        <READ value="expr" token="expr" color="#E1FFFF"/>
        <READ value="for" token="for" color="#E1FFFF"/>
        <READ value="if" token="if" color="#E1FFFF"/>
        <READ value="then" token="then" color="#E1FFFF"/>
        <READ value="else" token="else" color="#E1FFFF"/>
        <READ value="get" token="get" color="#E1FFFF"/>
        <READ value="put" token="put" color="#E1FFFF"/>
        <READ value="return" token="return" color="#E1FFFF"/>
        <READ value="not" token="not" color="#E1FFFF"/>
        <READ value="floatNum" token="floatNum" color="#E1FFFF"/>
        <READ value="intNum" token="intNum" color="#E1FFFF"/>
        <READ value="\+" token="Char43" color="#E1FFFF"/>
        <READ value="\-" token="Char45" color="#E1FFFF"/>
        <READ value="\." token="Char46" color="#E1FFFF"/>
        <READ value="\[" token="Char91" color="#E1FFFF"/>
        <READ value="\]" token="Char93" color="#E1FFFF"/>
        <READ value="float" token="float" color="#E1FFFF"/>
        <READ value="int" token="int" color="#E1FFFF"/>
        <READ value="=" token="Char61" color="#E1FFFF"/>
        <READ value="eq" token="eq" color="#E1FFFF"/>
        <READ value="geq" token="geq" color="#E1FFFF"/>
        <READ value="gt" token="gt" color="#E1FFFF"/>
        <READ value="leq" token="leq" color="#E1FFFF"/>
        <READ value="lt" token="lt" color="#E1FFFF"/>
        <READ value="neq" token="neq" color="#E1FFFF"/>
        <READ value="or" token="or" color="#E1FFFF"/>
        <READ value="\*" token="Char42" color="#E1FFFF"/>
        <READ value="/" token="Char47" color="#E1FFFF"/>
        <READ value="and" token="and" color="#E1FFFF"/>
        <READ value="[\r\n\t\s]" token="IGNORE" color="#E1FFFF"/>
    </SCANNER>
    <GLOBALCODE/>
    <RULES>
        <RULE name="Prog" color="#FFE1FF">
            <RIGHTSIDE>
                <RULE name="ProgBody"/>
                <CODE/>
            </RIGHTSIDE>
            <RIGHTSIDE>
                <RULE name="FuncDef"/>
                <RULE name="Prog"/>
                <CODE/>
            </RIGHTSIDE>
            <RIGHTSIDE>
                <RULE name="ClassDecl"/>
                <RULE name="Prog"/>
                <CODE/>
            </RIGHTSIDE>
        </RULE>
        <RULE name="ProgBody" color="#FFE1FF">
            <RIGHTSIDE>
                <TOKEN name="program"/>
                <RULE name="FuncBody"/>
                <TOKEN name="Char59"/>
                <RULE name="FuncDefList"/>
                <CODE/>
            </RIGHTSIDE>
        </RULE>
        <RULE name="ClassDecl" color="#FFE1FF">
            <RIGHTSIDE>
                <TOKEN name="class"/>
                <TOKEN name="id"/>
                <RULE name="Inherit"/>
                <TOKEN name="Char123"/>
                <RULE name="ClassVarDecl"/>
                <TOKEN name="Char125"/>
                <TOKEN name="Char59"/>
                <CODE/>
            </RIGHTSIDE>
        </RULE>
        <RULE name="Inherit" color="#FFE1FF">
            <RIGHTSIDE>
                <TOKEN name="Char58"/>
                <TOKEN name="id"/>
                <RULE name="InheritList"/>
                <CODE/>
            </RIGHTSIDE>
            <RIGHTSIDE>
                <CODE/>
            </RIGHTSIDE>
        </RULE>
        <RULE name="InheritList" color="#FFE1FF">
            <RIGHTSIDE>
                <TOKEN name="Char44"/>
                <TOKEN name="id"/>
                <RULE name="InheritList"/>
                <CODE/>
            </RIGHTSIDE>
            <RIGHTSIDE>
                <CODE/>
            </RIGHTSIDE>
        </RULE>
        <RULE name="ClassVarDecl" color="#FFE1FF">
            <RIGHTSIDE>
                <RULE name="Decl"/>
                <RULE name="ClassVarDeclTail"/>
                <CODE/>
            </RIGHTSIDE>
            <RIGHTSIDE>
                <CODE/>
            </RIGHTSIDE>
        </RULE>
        <RULE name="Decl" color="#FFE1FF">
            <RIGHTSIDE>
                <RULE name="Type"/>
                <TOKEN name="id"/>
                <CODE/>
            </RIGHTSIDE>
        </RULE>
        <RULE name="ClassVarDeclTail" color="#FFE1FF">
            <RIGHTSIDE>
                <RULE name="ArraySizeTail"/>
                <TOKEN name="Char59"/>
                <RULE name="ClassVarDecl"/>
                <CODE/>
            </RIGHTSIDE>
            <RIGHTSIDE>
                <RULE name="FuncDefListTail"/>
                <CODE/>
            </RIGHTSIDE>
        </RULE>
        <RULE name="FuncDef" color="#FFE1FF">
            <RIGHTSIDE>
                <RULE name="FuncHead"/>
                <RULE name="FuncBody"/>
                <TOKEN name="Char59"/>
                <CODE/>
            </RIGHTSIDE>
        </RULE>
        <RULE name="FuncDefList" color="#FFE1FF">
            <RIGHTSIDE>
                <RULE name="Decl"/>
                <RULE name="FuncDefListTail"/>
                <CODE/>
            </RIGHTSIDE>
            <RIGHTSIDE>
                <CODE/>
            </RIGHTSIDE>
        </RULE>
        <RULE name="FuncHead" color="#FFE1FF">
            <RIGHTSIDE>
                <RULE name="Type"/>
                <TOKEN name="id"/>
                <RULE name="FuncHeadTail"/>
                <CODE/>
            </RIGHTSIDE>
        </RULE>
        <RULE name="FuncHeadTail" color="#FFE1FF">
            <RIGHTSIDE>
                <TOKEN name="sr"/>
                <TOKEN name="id"/>
                <TOKEN name="Char40"/>
                <RULE name="FParams"/>
                <TOKEN name="Char41"/>
                <CODE/>
            </RIGHTSIDE>
            <RIGHTSIDE>
                <TOKEN name="Char40"/>
                <RULE name="FParams"/>
                <TOKEN name="Char41"/>
                <CODE/>
            </RIGHTSIDE>
            <RIGHTSIDE>
                <CODE/>
            </RIGHTSIDE>
        </RULE>
        <RULE name="FuncDefListTail" color="#FFE1FF">
            <RIGHTSIDE>
                <RULE name="FuncDef"/>
                <RULE name="FuncDefList"/>
                <CODE/>
            </RIGHTSIDE>
        </RULE>
        <RULE name="FuncBody" color="#FFE1FF">
            <RIGHTSIDE>
                <TOKEN name="Char123"/>
                <RULE name="FuncVarDecl"/>
                <TOKEN name="Char125"/>
                <CODE/>
            </RIGHTSIDE>
        </RULE>
        <RULE name="FuncVarDecl" color="#FFE1FF">
            <RIGHTSIDE>
                <RULE name="StatementNoAssign"/>
                <RULE name="StatementTail"/>
                <CODE/>
            </RIGHTSIDE>
            <RIGHTSIDE>
                <RULE name="Type"/>
                <RULE name="FuncVarDeclTail"/>
                <CODE/>
            </RIGHTSIDE>
            <RIGHTSIDE>
                <CODE/>
            </RIGHTSIDE>
        </RULE>
        <RULE name="FuncVarDeclTail" color="#FFE1FF">
            <RIGHTSIDE>
                <TOKEN name="id"/>
                <RULE name="ArraySizeTail"/>
                <TOKEN name="Char59"/>
                <RULE name="FuncVarDecl"/>
                <CODE/>
            </RIGHTSIDE>
            <RIGHTSIDE>
                <RULE name="VariableTail"/>
                <RULE name="AssignStatTail"/>
                <TOKEN name="Char59"/>
                <RULE name="StatementTail"/>
                <CODE/>
            </RIGHTSIDE>
        </RULE>
        <RULE name="AssignStat" color="#FFE1FF">
            <RIGHTSIDE>
                <RULE name="Variable"/>
                <RULE name="AssignStatTail"/>
                <CODE/>
            </RIGHTSIDE>
        </RULE>
        <RULE name="AssignStatTail" color="#FFE1FF">
            <RIGHTSIDE>
                <RULE name="AssignOp"/>
                <TOKEN name="expr"/>
                <CODE/>
            </RIGHTSIDE>
        </RULE>
        <RULE name="Statement" color="#FFE1FF">
            <RIGHTSIDE>
                <RULE name="AssignStat"/>
                <TOKEN name="Char59"/>
                <CODE/>
            </RIGHTSIDE>
            <RIGHTSIDE>
                <RULE name="StatementNoAssign"/>
                <CODE/>
            </RIGHTSIDE>
        </RULE>
        <RULE name="StatementTail" color="#FFE1FF">
            <RIGHTSIDE>
                <RULE name="Statement"/>
                <RULE name="StatementTail"/>
                <CODE/>
            </RIGHTSIDE>
            <RIGHTSIDE>
                <CODE/>
            </RIGHTSIDE>
        </RULE>
        <RULE name="StatementNoAssign" color="#FFE1FF">
            <RIGHTSIDE>
                <TOKEN name="for"/>
                <TOKEN name="Char40"/>
                <RULE name="Decl"/>
                <RULE name="AssignOp"/>
                <RULE name="Expr"/>
                <TOKEN name="Char59"/>
                <RULE name="RelExpr"/>
                <TOKEN name="Char59"/>
                <RULE name="AssignStat"/>
                <TOKEN name="Char41"/>
                <RULE name="StatBlock"/>
                <TOKEN name="Char59"/>
                <CODE/>
            </RIGHTSIDE>
            <RIGHTSIDE>
                <TOKEN name="if"/>
                <TOKEN name="Char40"/>
                <RULE name="Expr"/>
                <TOKEN name="Char41"/>
                <TOKEN name="then"/>
                <RULE name="StatBlock"/>
                <TOKEN name="else"/>
                <RULE name="StatBlock"/>
                <TOKEN name="Char59"/>
                <CODE/>
            </RIGHTSIDE>
            <RIGHTSIDE>
                <TOKEN name="get"/>
                <TOKEN name="Char40"/>
                <RULE name="Variable"/>
                <TOKEN name="Char41"/>
                <TOKEN name="Char59"/>
                <CODE/>
            </RIGHTSIDE>
            <RIGHTSIDE>
                <TOKEN name="put"/>
                <TOKEN name="Char40"/>
                <RULE name="Expr"/>
                <TOKEN name="Char41"/>
                <TOKEN name="Char59"/>
                <CODE/>
            </RIGHTSIDE>
            <RIGHTSIDE>
                <TOKEN name="return"/>
                <TOKEN name="Char40"/>
                <RULE name="Expr"/>
                <TOKEN name="Char41"/>
                <TOKEN name="Char59"/>
                <CODE/>
            </RIGHTSIDE>
        </RULE>
        <RULE name="StatBlock" color="#FFE1FF">
            <RIGHTSIDE>
                <TOKEN name="Char123"/>
                <RULE name="StatementTail"/>
                <TOKEN name="Char125"/>
                <CODE/>
            </RIGHTSIDE>
            <RIGHTSIDE>
                <RULE name="Statement"/>
                <CODE/>
            </RIGHTSIDE>
            <RIGHTSIDE>
                <CODE/>
            </RIGHTSIDE>
        </RULE>
        <RULE name="Expr" color="#FFE1FF">
            <RIGHTSIDE>
                <RULE name="ArithExpr"/>
                <RULE name="RelExprTail"/>
                <CODE/>
            </RIGHTSIDE>
        </RULE>
        <RULE name="RelExpr" color="#FFE1FF">
            <RIGHTSIDE>
                <RULE name="ArithExpr"/>
                <RULE name="RelOp"/>
                <RULE name="ArithExpr"/>
                <CODE/>
            </RIGHTSIDE>
        </RULE>
        <RULE name="RelExprTail" color="#FFE1FF">
            <RIGHTSIDE>
                <RULE name="RelOp"/>
                <RULE name="ArithExpr"/>
                <CODE/>
            </RIGHTSIDE>
            <RIGHTSIDE>
                <CODE/>
            </RIGHTSIDE>
        </RULE>
        <RULE name="ArithExpr" color="#FFE1FF">
            <RIGHTSIDE>
                <RULE name="Term"/>
                <RULE name="ArithExprTail"/>
                <CODE/>
            </RIGHTSIDE>
        </RULE>
        <RULE name="ArithExprTail" color="#FFE1FF">
            <RIGHTSIDE>
                <RULE name="AddOp"/>
                <RULE name="Term"/>
                <RULE name="ArithExprTail"/>
                <CODE/>
            </RIGHTSIDE>
            <RIGHTSIDE>
                <CODE/>
            </RIGHTSIDE>
        </RULE>
        <RULE name="Term" color="#FFE1FF">
            <RIGHTSIDE>
                <RULE name="Factor"/>
                <RULE name="TermTail"/>
                <CODE/>
            </RIGHTSIDE>
        </RULE>
        <RULE name="TermTail" color="#FFE1FF">
            <RIGHTSIDE>
                <RULE name="MultOp"/>
                <RULE name="Factor"/>
                <RULE name="TermTail"/>
                <CODE/>
            </RIGHTSIDE>
            <RIGHTSIDE>
                <CODE/>
            </RIGHTSIDE>
        </RULE>
        <RULE name="Factor" color="#FFE1FF">
            <RIGHTSIDE>
                <TOKEN name="Char40"/>
                <RULE name="ArithExpr"/>
                <TOKEN name="Char41"/>
                <CODE/>
            </RIGHTSIDE>
            <RIGHTSIDE>
                <TOKEN name="not"/>
                <RULE name="Factor"/>
                <CODE/>
            </RIGHTSIDE>
            <RIGHTSIDE>
                <RULE name="EvalExprHead"/>
                <CODE/>
            </RIGHTSIDE>
            <RIGHTSIDE>
                <RULE name="Num"/>
                <CODE/>
            </RIGHTSIDE>
            <RIGHTSIDE>
                <RULE name="Sign"/>
                <RULE name="Factor"/>
                <CODE/>
            </RIGHTSIDE>
        </RULE>
        <RULE name="Num" color="#FFE1FF">
            <RIGHTSIDE>
                <TOKEN name="floatNum"/>
                <CODE/>
            </RIGHTSIDE>
            <RIGHTSIDE>
                <TOKEN name="intNum"/>
                <CODE/>
            </RIGHTSIDE>
        </RULE>
        <RULE name="Sign" color="#FFE1FF">
            <RIGHTSIDE>
                <TOKEN name="Char43"/>
                <CODE/>
            </RIGHTSIDE>
            <RIGHTSIDE>
                <TOKEN name="Char45"/>
                <CODE/>
            </RIGHTSIDE>
        </RULE>
        <RULE name="EvalExprHead" color="#FFE1FF">
            <RIGHTSIDE>
                <TOKEN name="id"/>
                <RULE name="EvalExprTail"/>
                <CODE/>
            </RIGHTSIDE>
        </RULE>
        <RULE name="EvalExprTail" color="#FFE1FF">
            <RIGHTSIDE>
                <RULE name="FunctionCallExpr"/>
                <CODE/>
            </RIGHTSIDE>
            <RIGHTSIDE>
                <RULE name="EvalIndiceTail"/>
                <CODE/>
            </RIGHTSIDE>
        </RULE>
        <RULE name="EvalIndiceHead" color="#FFE1FF">
            <RIGHTSIDE>
                <RULE name="Indice"/>
                <RULE name="EvalIndiceTail"/>
                <CODE/>
            </RIGHTSIDE>
        </RULE>
        <RULE name="EvalIndiceTail" color="#FFE1FF">
            <RIGHTSIDE>
                <RULE name="EvalNestHead"/>
                <CODE/>
            </RIGHTSIDE>
            <RIGHTSIDE>
                <RULE name="EvalIndiceHead"/>
                <CODE/>
            </RIGHTSIDE>
            <RIGHTSIDE>
                <CODE/>
            </RIGHTSIDE>
        </RULE>
        <RULE name="EvalNestHead" color="#FFE1FF">
            <RIGHTSIDE>
                <TOKEN name="Char46"/>
                <RULE name="EvalExprHead"/>
                <CODE/>
            </RIGHTSIDE>
        </RULE>
        <RULE name="Variable" color="#FFE1FF">
            <RIGHTSIDE>
                <TOKEN name="id"/>
                <RULE name="VariableTail"/>
                <CODE/>
            </RIGHTSIDE>
        </RULE>
        <RULE name="VariableTail" color="#FFE1FF">
            <RIGHTSIDE>
                <RULE name="VarNest"/>
                <CODE/>
            </RIGHTSIDE>
            <RIGHTSIDE>
                <RULE name="VarIndiceTail"/>
                <CODE/>
            </RIGHTSIDE>
        </RULE>
        <RULE name="VarIndiceTail" color="#FFE1FF">
            <RIGHTSIDE>
                <RULE name="Indice"/>
                <RULE name="VariableTail"/>
                <CODE/>
            </RIGHTSIDE>
            <RIGHTSIDE>
                <CODE/>
            </RIGHTSIDE>
        </RULE>
        <RULE name="VarNest" color="#FFE1FF">
            <RIGHTSIDE>
                <TOKEN name="Char46"/>
                <RULE name="Variable"/>
                <CODE/>
            </RIGHTSIDE>
        </RULE>
        <RULE name="FunctionCallExpr" color="#FFE1FF">
            <RIGHTSIDE>
                <TOKEN name="Char40"/>
                <RULE name="AParams"/>
                <TOKEN name="Char41"/>
                <CODE/>
            </RIGHTSIDE>
        </RULE>
        <RULE name="Indice" color="#FFE1FF">
            <RIGHTSIDE>
                <TOKEN name="Char91"/>
                <RULE name="ArithExpr"/>
                <TOKEN name="Char93"/>
                <CODE/>
            </RIGHTSIDE>
        </RULE>
        <RULE name="ArraySize" color="#FFE1FF">
            <RIGHTSIDE>
                <TOKEN name="Char91"/>
                <TOKEN name="intNum"/>
                <TOKEN name="Char93"/>
                <CODE/>
            </RIGHTSIDE>
        </RULE>
        <RULE name="ArraySizeTail" color="#FFE1FF">
            <RIGHTSIDE>
                <RULE name="ArraySize"/>
                <RULE name="ArraySizeTail"/>
                <CODE/>
            </RIGHTSIDE>
            <RIGHTSIDE>
                <CODE/>
            </RIGHTSIDE>
        </RULE>
        <RULE name="Type" color="#FFE1FF">
            <RIGHTSIDE>
                <TOKEN name="float"/>
                <CODE/>
            </RIGHTSIDE>
            <RIGHTSIDE>
                <TOKEN name="id"/>
                <CODE/>
            </RIGHTSIDE>
            <RIGHTSIDE>
                <TOKEN name="int"/>
                <CODE/>
            </RIGHTSIDE>
        </RULE>
        <RULE name="FParams" color="#FFE1FF">
            <RIGHTSIDE>
                <RULE name="Type"/>
                <TOKEN name="id"/>
                <RULE name="ArraySizeTail"/>
                <RULE name="FParamsTail"/>
                <CODE/>
            </RIGHTSIDE>
            <RIGHTSIDE>
                <CODE/>
            </RIGHTSIDE>
        </RULE>
        <RULE name="FParamsTail" color="#FFE1FF">
            <RIGHTSIDE>
                <TOKEN name="Char44"/>
                <RULE name="FParams"/>
                <CODE/>
            </RIGHTSIDE>
            <RIGHTSIDE>
                <CODE/>
            </RIGHTSIDE>
        </RULE>
        <RULE name="AParams" color="#FFE1FF">
            <RIGHTSIDE>
                <RULE name="Expr"/>
                <RULE name="AParamsTail"/>
                <CODE/>
            </RIGHTSIDE>
            <RIGHTSIDE>
                <CODE/>
            </RIGHTSIDE>
        </RULE>
        <RULE name="AParamsTail" color="#FFE1FF">
            <RIGHTSIDE>
                <TOKEN name="Char44"/>
                <RULE name="AParams"/>
                <CODE/>
            </RIGHTSIDE>
            <RIGHTSIDE>
                <CODE/>
            </RIGHTSIDE>
        </RULE>
        <RULE name="AssignOp" color="#FFE1FF">
            <RIGHTSIDE>
                <TOKEN name="Char61"/>
                <CODE/>
            </RIGHTSIDE>
        </RULE>
        <RULE name="RelOp" color="#FFE1FF">
            <RIGHTSIDE>
                <TOKEN name="eq"/>
                <CODE/>
            </RIGHTSIDE>
            <RIGHTSIDE>
                <TOKEN name="geq"/>
                <CODE/>
            </RIGHTSIDE>
            <RIGHTSIDE>
                <TOKEN name="gt"/>
                <CODE/>
            </RIGHTSIDE>
            <RIGHTSIDE>
                <TOKEN name="leq"/>
                <CODE/>
            </RIGHTSIDE>
            <RIGHTSIDE>
                <TOKEN name="lt"/>
                <CODE/>
            </RIGHTSIDE>
            <RIGHTSIDE>
                <TOKEN name="neq"/>
                <CODE/>
            </RIGHTSIDE>
        </RULE>
        <RULE name="AddOp" color="#FFE1FF">
            <RIGHTSIDE>
                <TOKEN name="Char43"/>
                <CODE/>
            </RIGHTSIDE>
            <RIGHTSIDE>
                <TOKEN name="Char45"/>
                <CODE/>
            </RIGHTSIDE>
            <RIGHTSIDE>
                <TOKEN name="or"/>
                <CODE/>
            </RIGHTSIDE>
        </RULE>
        <RULE name="MultOp" color="#FFE1FF">
            <RIGHTSIDE>
                <TOKEN name="Char42"/>
                <CODE/>
            </RIGHTSIDE>
            <RIGHTSIDE>
                <TOKEN name="Char47"/>
                <CODE/>
            </RIGHTSIDE>
            <RIGHTSIDE>
                <TOKEN name="and"/>
                <CODE/>
            </RIGHTSIDE>
        </RULE>
    </RULES>
</VCC>
